package_name,ecosystem,package_version,risk_score,findings_count,verdict
vercel/next.js/authoring-skills,skills,,67395.0,4686,CRITICAL_RISK
vercel/next.js/flags,skills,,67395.0,4686,CRITICAL_RISK
vercel/next.js/react-vendoring,skills,,67395.0,4686,CRITICAL_RISK
vercel/next.js/runtime-debug,skills,,67395.0,4686,CRITICAL_RISK
vercel/next.js/update-docs,skills,,67395.0,4686,CRITICAL_RISK
steipete/clawdis/camsnap,skills,,41003.0,4117,CRITICAL_RISK
steipete/clawdis/gog,skills,,41003.0,4117,CRITICAL_RISK
steipete/clawdis/slack,skills,,41003.0,4117,CRITICAL_RISK
steipete/clawdis/tmux,skills,,41003.0,4117,CRITICAL_RISK
langgenius/dify/component-refactoring,skills,,35095.5,3706,CRITICAL_RISK
langgenius/dify/frontend-code-review,skills,,35095.5,3706,CRITICAL_RISK
langgenius/dify/frontend-testing,skills,,35095.5,3706,CRITICAL_RISK
langgenius/dify/vercel-react-best-practices,skills,,35095.5,3706,CRITICAL_RISK
rysweet/amplihack/azure-devops,skills,,31377.0,2159,CRITICAL_RISK
davila7/claude-code-templates/azure-functions,skills,,27154.0,2643,CRITICAL_RISK
davila7/claude-code-templates/browser-automation,skills,,27154.0,2643,CRITICAL_RISK
davila7/claude-code-templates/browser-extension-builder,skills,,27154.0,2643,CRITICAL_RISK
davila7/claude-code-templates/crewai-multi-agent,skills,,27154.0,2643,CRITICAL_RISK
davila7/claude-code-templates/deslop,skills,,27154.0,2643,CRITICAL_RISK
davila7/claude-code-templates/executing-marketing-campaigns,skills,,27154.0,2643,CRITICAL_RISK
davila7/claude-code-templates/frontend-design,skills,,27154.0,2643,CRITICAL_RISK
davila7/claude-code-templates/frontend-dev-guidelines,skills,,27154.0,2643,CRITICAL_RISK
davila7/claude-code-templates/frontend-patterns,skills,,27154.0,2643,CRITICAL_RISK
davila7/claude-code-templates/marketing-demand-acquisition,skills,,27154.0,2643,CRITICAL_RISK
davila7/claude-code-templates/marketing-ideas,skills,,27154.0,2643,CRITICAL_RISK
davila7/claude-code-templates/marketing-psychology,skills,,27154.0,2643,CRITICAL_RISK
davila7/claude-code-templates/marketing-strategy-pmm,skills,,27154.0,2643,CRITICAL_RISK
davila7/claude-code-templates/mui,skills,,27154.0,2643,CRITICAL_RISK
davila7/claude-code-templates/network-101,skills,,27154.0,2643,CRITICAL_RISK
davila7/claude-code-templates/networkx,skills,,27154.0,2643,CRITICAL_RISK
davila7/claude-code-templates/nextjs-best-practices,skills,,27154.0,2643,CRITICAL_RISK
davila7/claude-code-templates/nextjs-supabase-auth,skills,,27154.0,2643,CRITICAL_RISK
davila7/claude-code-templates/nosql-expert,skills,,27154.0,2643,CRITICAL_RISK
davila7/claude-code-templates/professional-communication,skills,,27154.0,2643,CRITICAL_RISK
davila7/claude-code-templates/pytorch-lightning,skills,,27154.0,2643,CRITICAL_RISK
davila7/claude-code-templates/react-ui-patterns,skills,,27154.0,2643,CRITICAL_RISK
davila7/claude-code-templates/remotion-best-practices,skills,,27154.0,2643,CRITICAL_RISK
davila7/claude-code-templates/research-lookup,skills,,27154.0,2643,CRITICAL_RISK
davila7/claude-code-templates/schema-markup,skills,,27154.0,2643,CRITICAL_RISK
davila7/claude-code-templates/senior-data-scientist,skills,,27154.0,2643,CRITICAL_RISK
davila7/claude-code-templates/seo-optimizer,skills,,27154.0,2643,CRITICAL_RISK
davila7/claude-code-templates/skypilot-multi-cloud-orchestration,skills,,27154.0,2643,CRITICAL_RISK
davila7/claude-code-templates/slack-bot-builder,skills,,27154.0,2643,CRITICAL_RISK
davila7/claude-code-templates/software-architecture,skills,,27154.0,2643,CRITICAL_RISK
davila7/claude-code-templates/sql-injection-testing,skills,,27154.0,2643,CRITICAL_RISK
davila7/claude-code-templates/sqlmap-database-penetration-testing,skills,,27154.0,2643,CRITICAL_RISK
davila7/claude-code-templates/supabase-postgres-best-practices,skills,,27154.0,2643,CRITICAL_RISK
davila7/claude-code-templates/twilio-communications,skills,,27154.0,2643,CRITICAL_RISK
davila7/claude-code-templates/unsloth,skills,,27154.0,2643,CRITICAL_RISK
davila7/claude-code-templates/ux-researcher-designer,skills,,27154.0,2643,CRITICAL_RISK
davila7/claude-code-templates/wireshark-network-traffic-analysis,skills,,27154.0,2643,CRITICAL_RISK
justa-cai/listenai-arcs_mini,github,2026-03-01,22039.0,1578,CRITICAL_RISK
walker77/paygate-mcp,github,2026-03-01,18272.0,2029,CRITICAL_RISK
connorads/dotfiles/remotion-best-practices,skills,,17813.0,1495,CRITICAL_RISK
nirholas/XActions,github,2026-03-01,17192.0,1873,CRITICAL_RISK
@zmkm8x/agentspace-cli,npm,1.0.0-beta.1,16123.0,1453,CRITICAL_RISK
dc-larsen/mcp-socket-docs,github,2026-03-01,15917.0,1759,CRITICAL_RISK
ovachiever/droid-tings/nextjs-shadcn-builder,skills,,14799.0,1522,CRITICAL_RISK
ovachiever/droid-tings/playwright-browser-automation,skills,,14799.0,1522,CRITICAL_RISK
sundial-org/awesome-openclaw-skills/exa-web-search-free,skills,,13851.0,1320,CRITICAL_RISK
paygate-mcp,npm,10.24.0,12999.0,1441,CRITICAL_RISK
paygate-mcp,npm,10.23.0,12729.0,1411,CRITICAL_RISK
paygate-mcp,npm,10.22.0,12396.0,1374,CRITICAL_RISK
paygate-mcp,npm,10.21.0,12108.0,1342,CRITICAL_RISK
paygate-mcp,npm,10.20.0,11910.0,1320,CRITICAL_RISK
paygate-mcp,npm,10.19.0,11640.0,1290,CRITICAL_RISK
microsoft/vscode/azure-pipelines,skills,,11184.0,918,CRITICAL_RISK
sickn33/antigravity-awesome-skills/agent-orchestration-multi-agent-optimize,skills,,10987.0,1004,CRITICAL_RISK
sickn33/antigravity-awesome-skills/copy-editing,skills,,10987.0,1004,CRITICAL_RISK
sickn33/antigravity-awesome-skills/copywriting,skills,,10987.0,1004,CRITICAL_RISK
sickn33/antigravity-awesome-skills/database-migrations-sql-migrations,skills,,10987.0,1004,CRITICAL_RISK
sickn33/antigravity-awesome-skills/error-debugging-multi-agent-review,skills,,10987.0,1004,CRITICAL_RISK
sickn33/antigravity-awesome-skills/kubernetes-architect,skills,,10987.0,1004,CRITICAL_RISK
sickn33/antigravity-awesome-skills/marketing-ideas,skills,,10987.0,1004,CRITICAL_RISK
sickn33/antigravity-awesome-skills/marketing-psychology,skills,,10987.0,1004,CRITICAL_RISK
sickn33/antigravity-awesome-skills/frontend-slides,skills,,10987.0,1004,CRITICAL_RISK
sickn33/antigravity-awesome-skills/multi-agent-brainstorming,skills,,10987.0,1004,CRITICAL_RISK
sickn33/antigravity-awesome-skills/network-101,skills,,10987.0,1004,CRITICAL_RISK
sickn33/antigravity-awesome-skills/network-engineer,skills,,10987.0,1004,CRITICAL_RISK
sickn33/antigravity-awesome-skills/nextjs-app-router-patterns,skills,,10987.0,1004,CRITICAL_RISK
sickn33/antigravity-awesome-skills/nosql-expert,skills,,10987.0,1004,CRITICAL_RISK
sickn33/antigravity-awesome-skills/observability-monitoring-slo-implement,skills,,10987.0,1004,CRITICAL_RISK
sickn33/antigravity-awesome-skills/python-patterns,skills,,10987.0,1004,CRITICAL_RISK
sickn33/antigravity-awesome-skills/react-patterns,skills,,10987.0,1004,CRITICAL_RISK
sickn33/antigravity-awesome-skills/react-ui-patterns,skills,,10987.0,1004,CRITICAL_RISK
sickn33/antigravity-awesome-skills/remotion-best-practices,skills,,10987.0,1004,CRITICAL_RISK
sickn33/antigravity-awesome-skills/postgresql,skills,,10987.0,1004,CRITICAL_RISK
sickn33/antigravity-awesome-skills/seo-audit,skills,,10987.0,1004,CRITICAL_RISK
sickn33/antigravity-awesome-skills/seo-snippet-hunter,skills,,10987.0,1004,CRITICAL_RISK
sickn33/antigravity-awesome-skills/software-architecture,skills,,10987.0,1004,CRITICAL_RISK
sickn33/antigravity-awesome-skills/sql-injection-testing,skills,,10987.0,1004,CRITICAL_RISK
sickn33/antigravity-awesome-skills/sqlmap-database-penetration-testing,skills,,10987.0,1004,CRITICAL_RISK
sickn33/antigravity-awesome-skills/sql-optimization-patterns,skills,,10987.0,1004,CRITICAL_RISK
sickn33/antigravity-awesome-skills/sql-pro,skills,,10987.0,1004,CRITICAL_RISK
sickn33/antigravity-awesome-skills/supabase-automation,skills,,10987.0,1004,CRITICAL_RISK
sickn33/antigravity-awesome-skills/supabase-postgres-best-practices,skills,,10987.0,1004,CRITICAL_RISK
sickn33/antigravity-awesome-skills/vercel-react-best-practices,skills,,10987.0,1004,CRITICAL_RISK
sickn33/antigravity-awesome-skills/wireshark-network-traffic-analysis,skills,,10987.0,1004,CRITICAL_RISK
sickn33/antigravity-awesome-skills/twilio-communications,skills,,10987.0,1004,CRITICAL_RISK
sickn33/antigravity-awesome-skills/powershell-windows,skills,,10978.0,1003,CRITICAL_RISK
sickn33/antigravity-awesome-skills/schema-markup,skills,,10837.0,999,CRITICAL_RISK
sickn33/antigravity-awesome-skills/security-review,skills,,10837.0,999,CRITICAL_RISK
sickn33/antigravity-awesome-skills/playwright-skill,skills,,10837.0,999,CRITICAL_RISK
sickn33/antigravity-awesome-skills/javascript-mastery,skills,,10837.0,999,CRITICAL_RISK
sickn33/antigravity-awesome-skills/nodejs-best-practices,skills,,10837.0,999,CRITICAL_RISK
sickn33/antigravity-awesome-skills/ui-ux-pro-max,skills,,10837.0,999,CRITICAL_RISK
sickn33/antigravity-awesome-skills/nestjs-expert,skills,,10837.0,999,CRITICAL_RISK
sickn33/antigravity-awesome-skills/mobile-design,skills,,10837.0,999,CRITICAL_RISK
sickn33/antigravity-awesome-skills/geo-fundamentals,skills,,10639.0,977,CRITICAL_RISK
sickn33/antigravity-awesome-skills/frontend-dev-guidelines,skills,,10639.0,977,CRITICAL_RISK
sickn33/antigravity-awesome-skills/frontend-patterns,skills,,10639.0,977,CRITICAL_RISK
sickn33/antigravity-awesome-skills/docker-expert,skills,,10639.0,977,CRITICAL_RISK
sickn33/antigravity-awesome-skills/api-security-best-practices,skills,,10639.0,977,CRITICAL_RISK
sickn33/antigravity-awesome-skills/azure-functions,skills,,10639.0,977,CRITICAL_RISK
sickn33/antigravity-awesome-skills/brainstorming,skills,,10639.0,977,CRITICAL_RISK
sickn33/antigravity-awesome-skills/browser-automation,skills,,10639.0,977,CRITICAL_RISK
sickn33/antigravity-awesome-skills/browser-extension-builder,skills,,10639.0,977,CRITICAL_RISK
sickn33/antigravity-awesome-skills/bullmq-specialist,skills,,10639.0,977,CRITICAL_RISK
sickn33/antigravity-awesome-skills/bun-development,skills,,10639.0,977,CRITICAL_RISK
sickn33/antigravity-awesome-skills/clean-code,skills,,10639.0,977,CRITICAL_RISK
sickn33/antigravity-awesome-skills/typescript-expert,skills,,10639.0,977,CRITICAL_RISK
sickn33/antigravity-awesome-skills/nextjs-best-practices,skills,,10639.0,977,CRITICAL_RISK
sickn33/antigravity-awesome-skills/nextjs-supabase-auth,skills,,10639.0,977,CRITICAL_RISK
sickn33/antigravity-awesome-skills/senior-fullstack,skills,,10639.0,977,CRITICAL_RISK
sickn33/antigravity-awesome-skills/prisma-expert,skills,,10639.0,977,CRITICAL_RISK
sickn33/antigravity-awesome-skills/seo-fundamentals,skills,,10639.0,977,CRITICAL_RISK
sickn33/antigravity-awesome-skills/systematic-debugging,skills,,10639.0,977,CRITICAL_RISK
sickn33/antigravity-awesome-skills/telegram-bot-builder,skills,,10639.0,977,CRITICAL_RISK
rand/cc-polymath/anti-slop,skills,,10045.0,914,CRITICAL_RISK
thierryc/Glyphs-mcp,github,2026-03-01,9044.0,700,CRITICAL_RISK
tursodatabase/turso/differential-fuzzer,skills,,8651.0,597,CRITICAL_RISK
remotion-dev/remotion/add-sfx,skills,,8150.0,936,CRITICAL_RISK
phrazzld/claude-config/pencil-renderer,skills,,8023.0,851,CRITICAL_RISK
phrazzld/claude-config/pencil-to-code,skills,,8023.0,851,CRITICAL_RISK
mims-harvard/tooluniverse/tooluniverse-gwas-snp-interpretation,skills,,7978.0,1044,CRITICAL_RISK
mims-harvard/tooluniverse/tooluniverse-network-pharmacology,skills,,7978.0,1044,CRITICAL_RISK
mims-harvard/tooluniverse/tooluniverse-sequence-retrieval,skills,,7978.0,1044,CRITICAL_RISK
aj-geddes/useful-ai-prompts/azure-app-service,skills,,7631.0,825,CRITICAL_RISK
aj-geddes/useful-ai-prompts/azure-functions,skills,,7631.0,825,CRITICAL_RISK
aj-geddes/useful-ai-prompts/backup-disaster-recovery,skills,,7631.0,825,CRITICAL_RISK
aj-geddes/useful-ai-prompts/browser-debugging,skills,,7631.0,825,CRITICAL_RISK
aj-geddes/useful-ai-prompts/code-review-analysis,skills,,7631.0,825,CRITICAL_RISK
aj-geddes/useful-ai-prompts/database-backup-restore,skills,,7631.0,825,CRITICAL_RISK
aj-geddes/useful-ai-prompts/ios-swift-development,skills,,7631.0,825,CRITICAL_RISK
aj-geddes/useful-ai-prompts/kubernetes-deployment,skills,,7631.0,825,CRITICAL_RISK
aj-geddes/useful-ai-prompts/markdown-documentation,skills,,7631.0,825,CRITICAL_RISK
aj-geddes/useful-ai-prompts/mutation-testing,skills,,7631.0,825,CRITICAL_RISK
aj-geddes/useful-ai-prompts/network-analysis,skills,,7631.0,825,CRITICAL_RISK
aj-geddes/useful-ai-prompts/network-debugging,skills,,7631.0,825,CRITICAL_RISK
aj-geddes/useful-ai-prompts/network-security-groups,skills,,7631.0,825,CRITICAL_RISK
aj-geddes/useful-ai-prompts/neural-network-design,skills,,7631.0,825,CRITICAL_RISK
aj-geddes/useful-ai-prompts/nosql-database-design,skills,,7631.0,825,CRITICAL_RISK
aj-geddes/useful-ai-prompts/rest-api-design,skills,,7631.0,825,CRITICAL_RISK
aj-geddes/useful-ai-prompts/sql-injection-prevention,skills,,7631.0,825,CRITICAL_RISK
aj-geddes/useful-ai-prompts/sql-query-optimization,skills,,7631.0,825,CRITICAL_RISK
aj-geddes/useful-ai-prompts/ssl-certificate-management,skills,,7631.0,825,CRITICAL_RISK
aj-geddes/useful-ai-prompts/stakeholder-communication,skills,,7631.0,825,CRITICAL_RISK
thefixer3x/onasis-gateway,github,2026-02-28,6817.0,772,CRITICAL_RISK
civitai/civitai/browser-automation,skills,,6625.0,723,CRITICAL_RISK
civitai/civitai/clickup,skills,,6625.0,723,CRITICAL_RISK
civitai/civitai/quick-mockups,skills,,6625.0,723,CRITICAL_RISK
tjfontaine/agent-in-a-browser,github,2026-03-01,6352.0,431,CRITICAL_RISK
mrgoonie/claudekit-skills/ai-multimodal,skills,,6328.0,666,CRITICAL_RISK
mrgoonie/claudekit-skills/backend-development,skills,,6328.0,666,CRITICAL_RISK
mrgoonie/claudekit-skills/chrome-devtools,skills,,6328.0,666,CRITICAL_RISK
blueraai/bluera-knowledge,github,2026-02-28,5986.0,553,CRITICAL_RISK
payloadcms/payload/generate-translations,skills,,5915.0,744,CRITICAL_RISK
anp,pypi,0.6.1,5914.0,456,CRITICAL_RISK
s-hiraoku/synapse-a2a/opencode-expert,skills,,5858.0,644,CRITICAL_RISK
s-hiraoku/synapse-a2a/synapse-a2a,skills,,5858.0,644,CRITICAL_RISK
dorukardahan/twitterapi-io-mcp,github,2026-02-28,5808.0,661,CRITICAL_RISK
danielmiessler/personal_ai_infrastructure/osint,skills,,5765.0,448,CRITICAL_RISK
danielmiessler/personal_ai_infrastructure/remotion,skills,,5765.0,448,CRITICAL_RISK
mistakeknot/interkasten,github,75c07ee5,5652.0,612,CRITICAL_RISK
f/awesome-chatgpt-prompts/book-translation,skills,,5529.0,576,CRITICAL_RISK
f/awesome-chatgpt-prompts/prompt-lookup,skills,,5529.0,576,CRITICAL_RISK
f/awesome-chatgpt-prompts/skill-lookup,skills,,5529.0,576,CRITICAL_RISK
f/prompts.chat/prompt-lookup,skills,,5529.0,576,CRITICAL_RISK
f/prompts.chat/skill-lookup,skills,,5529.0,576,CRITICAL_RISK
awslabs/mcp/dsql,skills,,5374.0,640,CRITICAL_RISK
Django,pypi,5.2.12,4936.0,336,CRITICAL_RISK
Django,pypi,4.2.29,4847.0,328,CRITICAL_RISK
lobehub/lobehub/microcopy,skills,,4629.0,482,CRITICAL_RISK
lobehub/lobehub/react,skills,,4629.0,482,CRITICAL_RISK
lobehub/lobehub/vercel-react-best-practices,skills,,4629.0,482,CRITICAL_RISK
miantiao-me/github-stars,github,2026-02-28,4577.5,370,CRITICAL_RISK
czlonkowski/n8n-skills/n8n-code-javascript,skills,,4543.0,501,CRITICAL_RISK
czlonkowski/n8n-skills/n8n-code-python,skills,,4543.0,501,CRITICAL_RISK
czlonkowski/n8n-skills/n8n-node-configuration,skills,,4543.0,501,CRITICAL_RISK
czlonkowski/n8n-skills/n8n-validation-expert,skills,,4543.0,501,CRITICAL_RISK
czlonkowski/n8n-skills/n8n-workflow-patterns,skills,,4543.0,501,CRITICAL_RISK
LunkiBR/n8n-mcp-lite,github,2026-02-28,4403.0,488,CRITICAL_RISK
samhvw8/dot-claude/ui-design-system,skills,,4381.0,456,CRITICAL_RISK
agents-gateway,pypi,0.2.3,4131.0,467,CRITICAL_RISK
agents-gateway,pypi,0.2.2,4131.0,467,CRITICAL_RISK
groeimetai/snow-flow/agent-workspace,skills,,4061.0,256,CRITICAL_RISK
groeimetai/snow-flow/approval-workflows,skills,,4061.0,256,CRITICAL_RISK
groeimetai/snow-flow/business-rule-patterns,skills,,4061.0,256,CRITICAL_RISK
groeimetai/snow-flow/catalog-items,skills,,4061.0,256,CRITICAL_RISK
groeimetai/snow-flow/cmdb-patterns,skills,,4061.0,256,CRITICAL_RISK
groeimetai/snow-flow/document-management,skills,,4061.0,256,CRITICAL_RISK
groeimetai/snow-flow/email-notifications,skills,,4061.0,256,CRITICAL_RISK
groeimetai/snow-flow/es5-compliance,skills,,4061.0,256,CRITICAL_RISK
groeimetai/snow-flow/event-management,skills,,4061.0,256,CRITICAL_RISK
groeimetai/snow-flow/flow-designer,skills,,4061.0,256,CRITICAL_RISK
groeimetai/snow-flow/gliderecord-patterns,skills,,4061.0,256,CRITICAL_RISK
groeimetai/snow-flow/import-export,skills,,4061.0,256,CRITICAL_RISK
groeimetai/snow-flow/instance-security,skills,,4061.0,256,CRITICAL_RISK
groeimetai/snow-flow/knowledge-management,skills,,4061.0,256,CRITICAL_RISK
groeimetai/snow-flow/mcp-tool-discovery,skills,,4061.0,256,CRITICAL_RISK
groeimetai/snow-flow/mid-server,skills,,4061.0,256,CRITICAL_RISK
groeimetai/snow-flow/mobile-development,skills,,4061.0,256,CRITICAL_RISK
groeimetai/snow-flow/notification-events,skills,,4061.0,256,CRITICAL_RISK
groeimetai/snow-flow/predictive-intelligence,skills,,4061.0,256,CRITICAL_RISK
groeimetai/snow-flow/reporting-dashboards,skills,,4061.0,256,CRITICAL_RISK
groeimetai/snow-flow/rest-integration,skills,,4061.0,256,CRITICAL_RISK
groeimetai/snow-flow/scheduled-jobs,skills,,4061.0,256,CRITICAL_RISK
groeimetai/snow-flow/snow-flow-commands,skills,,4061.0,256,CRITICAL_RISK
groeimetai/snow-flow/transform-maps,skills,,4061.0,256,CRITICAL_RISK
groeimetai/snow-flow/ui-builder-patterns,skills,,4061.0,256,CRITICAL_RISK
groeimetai/snow-flow/update-set-workflow,skills,,4061.0,256,CRITICAL_RISK
groeimetai/snow-flow/vendor-management,skills,,4061.0,256,CRITICAL_RISK
groeimetai/snow-flow/workspace-builder,skills,,4061.0,256,CRITICAL_RISK
daffy0208/ai-dev-standards/supabase-developer,skills,,3954.0,419,CRITICAL_RISK
@tencent-ai/agent-server,npm,0.0.23-beta,3672.5,234,CRITICAL_RISK
openbb-charting,pypi,2.5.1,3622.0,235,CRITICAL_RISK
facebook/react/extract-errors,skills,,3517.0,292,CRITICAL_RISK
facebook/react/feature-flags,skills,,3517.0,292,CRITICAL_RISK
facebook/react/fix,skills,,3517.0,292,CRITICAL_RISK
facebook/react/flags,skills,,3517.0,292,CRITICAL_RISK
facebook/react/flow,skills,,3517.0,292,CRITICAL_RISK
facebook/react/test,skills,,3517.0,292,CRITICAL_RISK
facebook/react/verify,skills,,3517.0,292,CRITICAL_RISK
mistakeknot/interkasten,github,2026-02-28,3423.0,365,CRITICAL_RISK
plantonhq/mcp-server-planton,github,2026-02-28,3126.0,373,CRITICAL_RISK
plantonhq/mcp-server-planton,github,2026-03-01,3126.0,373,CRITICAL_RISK
manutej/luxor-claude-marketplace/jest-react-testing,skills,,2963.0,259,CRITICAL_RISK
manutej/luxor-claude-marketplace/postgresql-database-engineering,skills,,2963.0,259,CRITICAL_RISK
pysilica,pypi,0.8.18,2904.0,197,CRITICAL_RISK
SixHq/Overture,github,2026-03-01,2845.0,197,CRITICAL_RISK
SixHq/Overture,github,2026-02-28,2845.0,197,CRITICAL_RISK
shipshitdev/library/agent-browser,skills,,2840.0,283,CRITICAL_RISK
shipshitdev/library/financial-operations-expert,skills,,2840.0,283,CRITICAL_RISK
oldwinter/skills/remotion-best-practices,skills,,2702.0,213,CRITICAL_RISK
pcdl,pypi,4.1.1,2678.0,180,CRITICAL_RISK
josiahsiegel/claude-plugin-marketplace/azure-well-architected-framework,skills,,2593.0,220,CRITICAL_RISK
josiahsiegel/claude-plugin-marketplace/sql-server-2025,skills,,2593.0,220,CRITICAL_RISK
josiahsiegel/claude-plugin-marketplace/tailwindcss-advanced-layouts,skills,,2593.0,220,CRITICAL_RISK
josiahsiegel/claude-plugin-marketplace/tailwindcss-animations,skills,,2593.0,220,CRITICAL_RISK
josiahsiegel/claude-plugin-marketplace/tailwindcss-mobile-first,skills,,2593.0,220,CRITICAL_RISK
inference-sh/agent-skills/agent-browser,skills,,2579.0,113,CRITICAL_RISK
inferencesh/skills/agent-browser,skills,,2579.0,113,CRITICAL_RISK
inference-sh/skills/agentic-browser,skills,,2579.0,113,CRITICAL_RISK
inference-sh/skills/twitter-automation,skills,,2579.0,113,CRITICAL_RISK
inference-sh-6/skills/remotion-render,skills,,2579.0,113,CRITICAL_RISK
inference-sh-7/skills/remotion-render,skills,,2579.0,113,CRITICAL_RISK
inference-sh-8/skills/remotion-render,skills,,2579.0,113,CRITICAL_RISK
inference-sh-9/skills/agent-browser,skills,,2579.0,113,CRITICAL_RISK
inference-sh-9/skills/agent-tools,skills,,2579.0,113,CRITICAL_RISK
inference-sh-9/skills/agent-ui,skills,,2579.0,113,CRITICAL_RISK
inference-sh-9/skills/ai-automation-workflows,skills,,2579.0,113,CRITICAL_RISK
inference-sh-9/skills/ai-avatar-video,skills,,2579.0,113,CRITICAL_RISK
inference-sh-9/skills/ai-content-pipeline,skills,,2579.0,113,CRITICAL_RISK
inference-sh-9/skills/ai-image-generation,skills,,2579.0,113,CRITICAL_RISK
inference-sh-9/skills/ai-marketing-videos,skills,,2579.0,113,CRITICAL_RISK
inference-sh-9/skills/ai-music-generation,skills,,2579.0,113,CRITICAL_RISK
inference-sh-9/skills/ai-podcast-creation,skills,,2579.0,113,CRITICAL_RISK
inference-sh-9/skills/ai-product-photography,skills,,2579.0,113,CRITICAL_RISK
inference-sh-9/skills/ai-rag-pipeline,skills,,2579.0,113,CRITICAL_RISK
inference-sh-9/skills/ai-social-media-content,skills,,2579.0,113,CRITICAL_RISK
inference-sh-9/skills/ai-video-generation,skills,,2579.0,113,CRITICAL_RISK
inference-sh-9/skills/ai-voice-cloning,skills,,2579.0,113,CRITICAL_RISK
inference-sh-9/skills/app-store-screenshots,skills,,2579.0,113,CRITICAL_RISK
inference-sh-9/skills/background-removal,skills,,2579.0,113,CRITICAL_RISK
inference-sh-9/skills/book-cover-design,skills,,2579.0,113,CRITICAL_RISK
inference-sh-9/skills/case-study-writing,skills,,2579.0,113,CRITICAL_RISK
inference-sh-9/skills/character-design-sheet,skills,,2579.0,113,CRITICAL_RISK
inference-sh-9/skills/chat-ui,skills,,2579.0,113,CRITICAL_RISK
inference-sh-9/skills/competitor-teardown,skills,,2579.0,113,CRITICAL_RISK
inference-sh-9/skills/content-repurposing,skills,,2579.0,113,CRITICAL_RISK
inference-sh-9/skills/customer-persona,skills,,2579.0,113,CRITICAL_RISK
inference-sh-9/skills/data-visualization,skills,,2579.0,113,CRITICAL_RISK
inference-sh-9/skills/dialogue-audio,skills,,2579.0,113,CRITICAL_RISK
inference-sh-9/skills/email-design,skills,,2579.0,113,CRITICAL_RISK
inference-sh-9/skills/explainer-video-guide,skills,,2579.0,113,CRITICAL_RISK
inference-sh-9/skills/flux-image,skills,,2579.0,113,CRITICAL_RISK
inference-sh-9/skills/google-veo,skills,,2579.0,113,CRITICAL_RISK
inference-sh-9/skills/image-to-video,skills,,2579.0,113,CRITICAL_RISK
inference-sh-9/skills/image-upscaling,skills,,2579.0,113,CRITICAL_RISK
inference-sh-9/skills/javascript-sdk,skills,,2579.0,113,CRITICAL_RISK
inference-sh-9/skills/landing-page-design,skills,,2579.0,113,CRITICAL_RISK
inference-sh-9/skills/linkedin-content,skills,,2579.0,113,CRITICAL_RISK
inference-sh-9/skills/llm-models,skills,,2579.0,113,CRITICAL_RISK
inference-sh-9/skills/logo-design-guide,skills,,2579.0,113,CRITICAL_RISK
inference-sh-9/skills/nano-banana,skills,,2579.0,113,CRITICAL_RISK
inference-sh-9/skills/nano-banana-2,skills,,2579.0,113,CRITICAL_RISK
inference-sh-9/skills/newsletter-curation,skills,,2579.0,113,CRITICAL_RISK
inference-sh-9/skills/og-image-design,skills,,2579.0,113,CRITICAL_RISK
inference-sh-9/skills/pitch-deck-visuals,skills,,2579.0,113,CRITICAL_RISK
inference-sh-9/skills/press-release-writing,skills,,2579.0,113,CRITICAL_RISK
inference-sh-9/skills/product-changelog,skills,,2579.0,113,CRITICAL_RISK
inference-sh-9/skills/product-hunt-launch,skills,,2579.0,113,CRITICAL_RISK
inference-sh-9/skills/product-photography,skills,,2579.0,113,CRITICAL_RISK
inference-sh-9/skills/python-executor,skills,,2579.0,113,CRITICAL_RISK
inference-sh-9/skills/python-sdk,skills,,2579.0,113,CRITICAL_RISK
inference-sh-9/skills/related-skill,skills,,2579.0,113,CRITICAL_RISK
inference-sh-9/skills/remotion-render,skills,,2579.0,113,CRITICAL_RISK
inference-sh-9/skills/seo-content-brief,skills,,2579.0,113,CRITICAL_RISK
inference-sh-9/skills/social-media-carousel,skills,,2579.0,113,CRITICAL_RISK
inference-sh-9/skills/speech-to-text,skills,,2579.0,113,CRITICAL_RISK
inference-sh-9/skills/talking-head-production,skills,,2579.0,113,CRITICAL_RISK
inference-sh-9/skills/technical-blog-writing,skills,,2579.0,113,CRITICAL_RISK
inference-sh-9/skills/text-to-speech,skills,,2579.0,113,CRITICAL_RISK
inference-sh-9/skills/tools-ui,skills,,2579.0,113,CRITICAL_RISK
inference-sh-9/skills/twitter-automation,skills,,2579.0,113,CRITICAL_RISK
inference-sh-9/skills/twitter-thread-creation,skills,,2579.0,113,CRITICAL_RISK
inference-sh-9/skills/video-ad-specs,skills,,2579.0,113,CRITICAL_RISK
inference-sh-9/skills/video-prompting-guide,skills,,2579.0,113,CRITICAL_RISK
inference-sh-9/skills/web-search,skills,,2579.0,113,CRITICAL_RISK
inference-sh-9/skills/widgets-ui,skills,,2579.0,113,CRITICAL_RISK
inference-sh-9/skills/youtube-thumbnail-design,skills,,2579.0,113,CRITICAL_RISK
FireWorks,pypi,2.0.9,2573.0,136,CRITICAL_RISK
trailofbits/skills/algorand-vulnerability-scanner,skills,,2571.0,176,CRITICAL_RISK
trailofbits/skills/ask-questions-if-underspecified,skills,,2571.0,176,CRITICAL_RISK
trailofbits/skills/audit-context-building,skills,,2571.0,176,CRITICAL_RISK
trailofbits/skills/cargo-fuzz,skills,,2571.0,176,CRITICAL_RISK
trailofbits/skills/fuzzing-dictionary,skills,,2571.0,176,CRITICAL_RISK
trailofbits/skills/fuzzing-obstacles,skills,,2571.0,176,CRITICAL_RISK
trailofbits/skills/libfuzzer,skills,,2571.0,176,CRITICAL_RISK
trailofbits/skills/modern-python,skills,,2571.0,176,CRITICAL_RISK
trailofbits/skills/ossfuzz,skills,,2571.0,176,CRITICAL_RISK
trailofbits/skills/ruzzy,skills,,2571.0,176,CRITICAL_RISK
trailofbits/skills/semgrep-rule-creator,skills,,2571.0,176,CRITICAL_RISK
trailofbits/skills/semgrep-rule-variant-creator,skills,,2571.0,176,CRITICAL_RISK
trailofbits/skills/variant-analysis,skills,,2571.0,176,CRITICAL_RISK
trailofbits/skills/wycheproof,skills,,2571.0,176,CRITICAL_RISK
resend/resend-skills/resend,skills,,2567.0,286,CRITICAL_RISK
bpsai-pair,pypi,2.15.11,2549.0,241,CRITICAL_RISK
openai/skills/jupyter-notebook,skills,,2543.0,208,CRITICAL_RISK
boshu2/agentops/council,skills,,2525.0,197,CRITICAL_RISK
parcadei/continuous-claude-v3/discovery-interview,skills,,2487.0,177,CRITICAL_RISK
parcadei/continuous-claude-v3/slash-commands,skills,,2487.0,177,CRITICAL_RISK
cafferychen777/ChatSpatial,github,2026-02-28,2485.0,243,CRITICAL_RISK
2025emma/vibe-coding-cn/postgresql,skills,,2373.0,261,CRITICAL_RISK
2025emma/vibe-coding-cn/snapdom,skills,,2373.0,261,CRITICAL_RISK
aditisharma6202/Kezel-system-design,github,2026-02-28,2361.0,160,CRITICAL_RISK
@ruck-plugins/json-editor,npm,1.0.1,2322.5,155,CRITICAL_RISK
@ruck-plugins/json-editor,npm,1.0.0,2322.5,155,CRITICAL_RISK
aetup-automatik,clawhub,1.0.0,2274.0,248,CRITICAL_RISK
vite-plugin-vue-devtools,npm,8.0.7,2214.0,122,CRITICAL_RISK
vm0-ai/vm0-skills/browserless,skills,,2171.0,241,CRITICAL_RISK
unsloth,pypi,2026.3.1,2091.0,142,CRITICAL_RISK
unsloth,pypi,2026.3.2,2091.0,142,CRITICAL_RISK
axonflow,pypi,3.8.0,2031.0,227,CRITICAL_RISK
gokapso/agent-skills/integrate-whatsapp,skills,,2016.0,224,CRITICAL_RISK
leo-feedback-mcp,pypi,1.1.0,2011.0,141,CRITICAL_RISK
JsonDBCloud/mcp,github,2026-03-01,1914.0,215,CRITICAL_RISK
the-ansible/dynamic-ui-canvas,github,2026-03-01,1902.0,128,CRITICAL_RISK
martinholovsky/claude-skills-generator/browser-automation,skills,,1895.0,181,CRITICAL_RISK
martinholovsky/claude-skills-generator/glsl,skills,,1895.0,181,CRITICAL_RISK
martinholovsky/claude-skills-generator/sqlite-database-expert,skills,,1895.0,181,CRITICAL_RISK
andresharpe/dotbot-v3,github,2026-03-01,1881.0,149,CRITICAL_RISK
andresharpe/dotbot-v3,github,2026-02-28,1881.0,149,CRITICAL_RISK
wshobson/agents/accessibility-compliance,skills,,1871.0,196,CRITICAL_RISK
wshobson/agents/airflow-dag-patterns,skills,,1871.0,196,CRITICAL_RISK
wshobson/agents/angular-migration,skills,,1871.0,196,CRITICAL_RISK
wshobson/agents/anti-reversing-techniques,skills,,1871.0,196,CRITICAL_RISK
wshobson/agents/api-design-principles,skills,,1871.0,196,CRITICAL_RISK
wshobson/agents/architecture-patterns,skills,,1871.0,196,CRITICAL_RISK
wshobson/agents/async-python-patterns,skills,,1871.0,196,CRITICAL_RISK
wshobson/agents/attack-tree-construction,skills,,1871.0,196,CRITICAL_RISK
wshobson/agents/auth-implementation-patterns,skills,,1871.0,196,CRITICAL_RISK
wshobson/agents/backtesting-frameworks,skills,,1871.0,196,CRITICAL_RISK
wshobson/agents/bash-defensive-patterns,skills,,1871.0,196,CRITICAL_RISK
wshobson/agents/bazel-build-optimization,skills,,1871.0,196,CRITICAL_RISK
wshobson/agents/billing-automation,skills,,1871.0,196,CRITICAL_RISK
wshobson/agents/binary-analysis-patterns,skills,,1871.0,196,CRITICAL_RISK
wshobson/agents/changelog-automation,skills,,1871.0,196,CRITICAL_RISK
wshobson/agents/code-review-excellence,skills,,1871.0,196,CRITICAL_RISK
wshobson/agents/competitive-landscape,skills,,1871.0,196,CRITICAL_RISK
wshobson/agents/context-driven-development,skills,,1871.0,196,CRITICAL_RISK
wshobson/agents/cost-optimization,skills,,1871.0,196,CRITICAL_RISK
wshobson/agents/cqrs-implementation,skills,,1871.0,196,CRITICAL_RISK
wshobson/agents/database-migration,skills,,1871.0,196,CRITICAL_RISK
wshobson/agents/data-quality-frameworks,skills,,1871.0,196,CRITICAL_RISK
wshobson/agents/data-storytelling,skills,,1871.0,196,CRITICAL_RISK
wshobson/agents/dbt-transformation-patterns,skills,,1871.0,196,CRITICAL_RISK
wshobson/agents/debugging-strategies,skills,,1871.0,196,CRITICAL_RISK
wshobson/agents/defi-protocol-templates,skills,,1871.0,196,CRITICAL_RISK
wshobson/agents/dependency-upgrade,skills,,1871.0,196,CRITICAL_RISK
wshobson/agents/deployment-pipeline-design,skills,,1871.0,196,CRITICAL_RISK
wshobson/agents/design-system-patterns,skills,,1871.0,196,CRITICAL_RISK
wshobson/agents/distributed-tracing,skills,,1871.0,196,CRITICAL_RISK
wshobson/agents/dotnet-backend-patterns,skills,,1871.0,196,CRITICAL_RISK
wshobson/agents/e2e-testing-patterns,skills,,1871.0,196,CRITICAL_RISK
wshobson/agents/embedding-strategies,skills,,1871.0,196,CRITICAL_RISK
wshobson/agents/employment-contract-templates,skills,,1871.0,196,CRITICAL_RISK
wshobson/agents/error-handling-patterns,skills,,1871.0,196,CRITICAL_RISK
wshobson/agents/event-store-design,skills,,1871.0,196,CRITICAL_RISK
wshobson/agents/fastapi-templates,skills,,1871.0,196,CRITICAL_RISK
wshobson/agents/git-advanced-workflows,skills,,1871.0,196,CRITICAL_RISK
wshobson/agents/github-actions-templates,skills,,1871.0,196,CRITICAL_RISK
wshobson/agents/gitlab-ci-patterns,skills,,1871.0,196,CRITICAL_RISK
wshobson/agents/gitops-workflow,skills,,1871.0,196,CRITICAL_RISK
wshobson/agents/go-concurrency-patterns,skills,,1871.0,196,CRITICAL_RISK
wshobson/agents/godot-gdscript-patterns,skills,,1871.0,196,CRITICAL_RISK
wshobson/agents/grafana-dashboards,skills,,1871.0,196,CRITICAL_RISK
wshobson/agents/helm-chart-scaffolding,skills,,1871.0,196,CRITICAL_RISK
wshobson/agents/hybrid-cloud-networking,skills,,1871.0,196,CRITICAL_RISK
wshobson/agents/hybrid-search-implementation,skills,,1871.0,196,CRITICAL_RISK
wshobson/agents/incident-runbook-templates,skills,,1871.0,196,CRITICAL_RISK
wshobson/agents/interaction-design,skills,,1871.0,196,CRITICAL_RISK
wshobson/agents/istio-traffic-management,skills,,1871.0,196,CRITICAL_RISK
wshobson/agents/javascript-testing-patterns,skills,,1871.0,196,CRITICAL_RISK
wshobson/agents/k8s-security-policies,skills,,1871.0,196,CRITICAL_RISK
wshobson/agents/kpi-dashboard-design,skills,,1871.0,196,CRITICAL_RISK
wshobson/agents/langchain-architecture,skills,,1871.0,196,CRITICAL_RISK
wshobson/agents/llm-evaluation,skills,,1871.0,196,CRITICAL_RISK
wshobson/agents/market-sizing-analysis,skills,,1871.0,196,CRITICAL_RISK
wshobson/agents/memory-forensics,skills,,1871.0,196,CRITICAL_RISK
wshobson/agents/memory-safety-patterns,skills,,1871.0,196,CRITICAL_RISK
wshobson/agents/microservices-patterns,skills,,1871.0,196,CRITICAL_RISK
wshobson/agents/ml-pipeline-workflow,skills,,1871.0,196,CRITICAL_RISK
wshobson/agents/mobile-android-design,skills,,1871.0,196,CRITICAL_RISK
wshobson/agents/mobile-ios-design,skills,,1871.0,196,CRITICAL_RISK
wshobson/agents/modern-javascript-patterns,skills,,1871.0,196,CRITICAL_RISK
wshobson/agents/monorepo-management,skills,,1871.0,196,CRITICAL_RISK
wshobson/agents/mtls-configuration,skills,,1871.0,196,CRITICAL_RISK
wshobson/agents/multi-cloud-architecture,skills,,1871.0,196,CRITICAL_RISK
wshobson/agents/multi-reviewer-patterns,skills,,1871.0,196,CRITICAL_RISK
wshobson/agents/nextjs-app-router-patterns,skills,,1871.0,196,CRITICAL_RISK
wshobson/agents/nft-standards,skills,,1871.0,196,CRITICAL_RISK
wshobson/agents/nodejs-backend-patterns,skills,,1871.0,196,CRITICAL_RISK
wshobson/agents/nx-workspace-patterns,skills,,1871.0,196,CRITICAL_RISK
wshobson/agents/on-call-handoff-patterns,skills,,1871.0,196,CRITICAL_RISK
wshobson/agents/openapi-spec-generation,skills,,1871.0,196,CRITICAL_RISK
wshobson/agents/parallel-debugging,skills,,1871.0,196,CRITICAL_RISK
wshobson/agents/paypal-integration,skills,,1871.0,196,CRITICAL_RISK
wshobson/agents/postgresql-table-design,skills,,1871.0,196,CRITICAL_RISK
wshobson/agents/postmortem-writing,skills,,1871.0,196,CRITICAL_RISK
wshobson/agents/projection-patterns,skills,,1871.0,196,CRITICAL_RISK
wshobson/agents/prometheus-configuration,skills,,1871.0,196,CRITICAL_RISK
wshobson/agents/prompt-engineering-patterns,skills,,1871.0,196,CRITICAL_RISK
wshobson/agents/protocol-reverse-engineering,skills,,1871.0,196,CRITICAL_RISK
wshobson/agents/python-anti-patterns,skills,,1871.0,196,CRITICAL_RISK
wshobson/agents/python-background-jobs,skills,,1871.0,196,CRITICAL_RISK
wshobson/agents/python-code-style,skills,,1871.0,196,CRITICAL_RISK
wshobson/agents/python-configuration,skills,,1871.0,196,CRITICAL_RISK
wshobson/agents/python-design-patterns,skills,,1871.0,196,CRITICAL_RISK
wshobson/agents/python-error-handling,skills,,1871.0,196,CRITICAL_RISK
wshobson/agents/python-observability,skills,,1871.0,196,CRITICAL_RISK
wshobson/agents/python-packaging,skills,,1871.0,196,CRITICAL_RISK
wshobson/agents/python-performance-optimization,skills,,1871.0,196,CRITICAL_RISK
wshobson/agents/python-project-structure,skills,,1871.0,196,CRITICAL_RISK
wshobson/agents/python-resilience,skills,,1871.0,196,CRITICAL_RISK
wshobson/agents/python-resource-management,skills,,1871.0,196,CRITICAL_RISK
wshobson/agents/python-testing-patterns,skills,,1871.0,196,CRITICAL_RISK
wshobson/agents/python-type-safety,skills,,1871.0,196,CRITICAL_RISK
wshobson/agents/rag-implementation,skills,,1871.0,196,CRITICAL_RISK
wshobson/agents/react-modernization,skills,,1871.0,196,CRITICAL_RISK
wshobson/agents/react-native-architecture,skills,,1871.0,196,CRITICAL_RISK
wshobson/agents/react-native-design,skills,,1871.0,196,CRITICAL_RISK
wshobson/agents/react-state-management,skills,,1871.0,196,CRITICAL_RISK
wshobson/agents/responsive-design,skills,,1871.0,196,CRITICAL_RISK
wshobson/agents/risk-metrics-calculation,skills,,1871.0,196,CRITICAL_RISK
wshobson/agents/rust-async-patterns,skills,,1871.0,196,CRITICAL_RISK
wshobson/agents/saga-orchestration,skills,,1871.0,196,CRITICAL_RISK
wshobson/agents/sast-configuration,skills,,1871.0,196,CRITICAL_RISK
wshobson/agents/screen-reader-testing,skills,,1871.0,196,CRITICAL_RISK
wshobson/agents/secrets-management,skills,,1871.0,196,CRITICAL_RISK
wshobson/agents/security-requirement-extraction,skills,,1871.0,196,CRITICAL_RISK
wshobson/agents/service-mesh-observability,skills,,1871.0,196,CRITICAL_RISK
wshobson/agents/shellcheck-configuration,skills,,1871.0,196,CRITICAL_RISK
wshobson/agents/similarity-search-patterns,skills,,1871.0,196,CRITICAL_RISK
wshobson/agents/slo-implementation,skills,,1871.0,196,CRITICAL_RISK
wshobson/agents/solidity-security,skills,,1871.0,196,CRITICAL_RISK
wshobson/agents/spark-optimization,skills,,1871.0,196,CRITICAL_RISK
wshobson/agents/sql-optimization-patterns,skills,,1871.0,196,CRITICAL_RISK
wshobson/agents/startup-financial-modeling,skills,,1871.0,196,CRITICAL_RISK
wshobson/agents/startup-metrics-framework,skills,,1871.0,196,CRITICAL_RISK
wshobson/agents/stride-analysis-patterns,skills,,1871.0,196,CRITICAL_RISK
wshobson/agents/stripe-integration,skills,,1871.0,196,CRITICAL_RISK
wshobson/agents/tailwind-design-system,skills,,1871.0,196,CRITICAL_RISK
wshobson/agents/task-coordination-strategies,skills,,1871.0,196,CRITICAL_RISK
wshobson/agents/team-communication-protocols,skills,,1871.0,196,CRITICAL_RISK
wshobson/agents/team-composition-analysis,skills,,1871.0,196,CRITICAL_RISK
wshobson/agents/temporal-python-testing,skills,,1871.0,196,CRITICAL_RISK
wshobson/agents/terraform-module-library,skills,,1871.0,196,CRITICAL_RISK
wshobson/agents/threat-mitigation-mapping,skills,,1871.0,196,CRITICAL_RISK
wshobson/agents/track-management,skills,,1871.0,196,CRITICAL_RISK
wshobson/agents/turborepo-caching,skills,,1871.0,196,CRITICAL_RISK
wshobson/agents/typescript-advanced-types,skills,,1871.0,196,CRITICAL_RISK
wshobson/agents/unity-ecs-patterns,skills,,1871.0,196,CRITICAL_RISK
wshobson/agents/uv-package-manager,skills,,1871.0,196,CRITICAL_RISK
wshobson/agents/vector-index-tuning,skills,,1871.0,196,CRITICAL_RISK
wshobson/agents/visual-design-foundations,skills,,1871.0,196,CRITICAL_RISK
wshobson/agents/wcag-audit-patterns,skills,,1871.0,196,CRITICAL_RISK
wshobson/agents/web3-testing,skills,,1871.0,196,CRITICAL_RISK
wshobson/agents/web-component-design,skills,,1871.0,196,CRITICAL_RISK
wshobson/agents/workflow-orchestration-patterns,skills,,1871.0,196,CRITICAL_RISK
wshobson/agents/workflow-patterns,skills,,1871.0,196,CRITICAL_RISK
cloudflare/skills/building-ai-agent-on-cloudflare,skills,,1838.0,145,CRITICAL_RISK
cloudflare/skills/building-mcp-server-on-cloudflare,skills,,1838.0,145,CRITICAL_RISK
cloudflare/skills/cloudflare,skills,,1838.0,145,CRITICAL_RISK
cloudflare/skills/wrangler,skills,,1838.0,145,CRITICAL_RISK
gsutil,pypi,5.36,1797.0,126,CRITICAL_RISK
benjitaylor/agentation/agentation,skills,,1785.0,199,CRITICAL_RISK
@structured-world/gitlab-mcp,npm,6.62.0,1760.0,191,CRITICAL_RISK
manaflow-ai/cmux/cmux-browser,skills,,1758.0,129,CRITICAL_RISK
Pro0f/devscontext,github,2026-02-28,1747.0,198,CRITICAL_RISK
bilalmk/todo_correct/browsing-with-playwright,skills,,1741.0,143,CRITICAL_RISK
bilalmk/todo_correct/sqlmodel-expert,skills,,1741.0,143,CRITICAL_RISK
nexus-arc,pypi,0.1.0,1726.0,165,CRITICAL_RISK
nexus-arc,pypi,,1726.0,165,CRITICAL_RISK
bnnr,pypi,,1710.0,122,CRITICAL_RISK
bnnr,pypi,0.1.0,1710.0,122,CRITICAL_RISK
adham90/opentrace,github,2026-02-28,1705.5,158,CRITICAL_RISK
@ryukimin/ghost-mcp,npm,1.0.9,1647.0,183,CRITICAL_RISK
browser-use/browser-use/browser-use,skills,,1645.0,104,CRITICAL_RISK
browser-use/browser-use/remote-browser,skills,,1645.0,104,CRITICAL_RISK
aegntic/cldcde,github,2026-02-28,1630.0,120,CRITICAL_RISK
aegntic/cldcde,github,2026-03-01,1630.0,120,CRITICAL_RISK
vercel/turborepo/turborepo,skills,,1587.0,331,CRITICAL_RISK
@shipgateisl/vibecheck-mcp,npm,1.0.0,1578.0,102,CRITICAL_RISK
onebase-ai,pypi,0.1.2,1577.0,104,CRITICAL_RISK
agentralabs/agentic-vision,github,2026-03-01,1560.0,87,CRITICAL_RISK
cmdbox,pypi,0.7.5.4,1555.0,112,CRITICAL_RISK
borghei/claude-skills/product-designer,skills,,1544.0,150,CRITICAL_RISK
policyshield,pypi,0.14.0,1539.0,137,CRITICAL_RISK
agentralabs/agentic-memory,github,2026-03-01,1513.0,82,CRITICAL_RISK
alirezarezvani/claude-skills/aws-solution-architect,skills,,1505.0,139,CRITICAL_RISK
alirezarezvani/claude-skills/marketing-demand-acquisition,skills,,1505.0,139,CRITICAL_RISK
alirezarezvani/claude-skills/marketing-strategy-pmm,skills,,1505.0,139,CRITICAL_RISK
alirezarezvani/claude-skills/senior-frontend,skills,,1505.0,139,CRITICAL_RISK
SolanceLab/arachne-discord-mcp,github,2026-02-28,1491.0,152,CRITICAL_RISK
dipsylala/veracode-mcp,github,2026-02-28,1488.0,127,CRITICAL_RISK
xhs-mcp,npm,0.8.8,1485.0,99,CRITICAL_RISK
piopiy-ai,pypi,0.6.1,1469.0,135,CRITICAL_RISK
dwpdkp/mcp-servers,github,2026-03-01,1465.0,176,CRITICAL_RISK
agentset,pypi,0.7.1,1435.0,161,CRITICAL_RISK
digitalsamba/claude-code-video-toolkit/remotion,skills,,1418.0,121,CRITICAL_RISK
@vectorize-io/hindsight-control-plane,npm,0.4.15,1410.0,94,CRITICAL_RISK
clawcare,pypi,0.8.3,1377.5,62,CRITICAL_RISK
sj7trunks/reminder-mcp,github,2026-03-01,1356.0,153,CRITICAL_RISK
bobmatnyc/claude-mpm-skills/kubernetes,skills,,1341.0,128,CRITICAL_RISK
bobmatnyc/claude-mpm-skills/pydantic,skills,,1341.0,128,CRITICAL_RISK
bobmatnyc/claude-mpm-skills/pytest,skills,,1341.0,128,CRITICAL_RISK
bobmatnyc/claude-mpm-skills/sqlalchemy-orm,skills,,1341.0,128,CRITICAL_RISK
bobmatnyc/claude-mpm-skills/supabase-backend-platform,skills,,1341.0,128,CRITICAL_RISK
jeffallan/claude-skills/debugging-wizard,skills,,1329.0,124,CRITICAL_RISK
jeffallan/claude-skills/django-expert,skills,,1329.0,124,CRITICAL_RISK
jeffallan/claude-skills/flutter-expert,skills,,1329.0,124,CRITICAL_RISK
jeffallan/claude-skills/fullstack-guardian,skills,,1329.0,124,CRITICAL_RISK
jeffallan/claude-skills/golang-pro,skills,,1329.0,124,CRITICAL_RISK
jeffallan/claude-skills/java-architect,skills,,1329.0,124,CRITICAL_RISK
jeffallan/claude-skills/javascript-pro,skills,,1329.0,124,CRITICAL_RISK
jeffallan/claude-skills/laravel-specialist,skills,,1329.0,124,CRITICAL_RISK
jeffallan/claude-skills/monitoring-expert,skills,,1329.0,124,CRITICAL_RISK
jeffallan/claude-skills/nestjs-expert,skills,,1329.0,124,CRITICAL_RISK
jeffallan/claude-skills/nextjs-developer,skills,,1329.0,124,CRITICAL_RISK
jeffallan/claude-skills/php-pro,skills,,1329.0,124,CRITICAL_RISK
jeffallan/claude-skills/python-pro,skills,,1329.0,124,CRITICAL_RISK
jeffallan/claude-skills/react-expert,skills,,1329.0,124,CRITICAL_RISK
jeffallan/claude-skills/react-native-expert,skills,,1329.0,124,CRITICAL_RISK
jeffallan/claude-skills/rust-engineer,skills,,1329.0,124,CRITICAL_RISK
jeffallan/claude-skills/sql-pro,skills,,1329.0,124,CRITICAL_RISK
jeffallan/claude-skills/swift-expert,skills,,1329.0,124,CRITICAL_RISK
jeffallan/claude-skills/typescript-pro,skills,,1329.0,124,CRITICAL_RISK
nickcrew/claude-ctx-plugin/react-performance-optimization,skills,,1329.0,105,CRITICAL_RISK
shubhamsaboo/awesome-llm-apps/academic-researcher,skills,,1320.0,140,CRITICAL_RISK
shubhamsaboo/awesome-llm-apps/debugger,skills,,1320.0,140,CRITICAL_RISK
shubhamsaboo/awesome-llm-apps/decision-helper,skills,,1320.0,140,CRITICAL_RISK
shubhamsaboo/awesome-llm-apps/fact-checker,skills,,1320.0,140,CRITICAL_RISK
shubhamsaboo/awesome-llm-apps/fullstack-developer,skills,,1320.0,140,CRITICAL_RISK
shubhamsaboo/awesome-llm-apps/meeting-notes,skills,,1320.0,140,CRITICAL_RISK
shubhamsaboo/awesome-llm-apps/python-expert,skills,,1320.0,140,CRITICAL_RISK
coreyhaines31/marketingskills/ab-test-setup,skills,,1307.0,146,CRITICAL_RISK
coreyhaines31/marketingskills/ad-creative,skills,,1307.0,146,CRITICAL_RISK
coreyhaines31/marketingskills/ai-seo,skills,,1307.0,146,CRITICAL_RISK
coreyhaines31/marketingskills/analytics-tracking,skills,,1307.0,146,CRITICAL_RISK
coreyhaines31/marketingskills/churn-prevention,skills,,1307.0,146,CRITICAL_RISK
coreyhaines31/marketingskills/cold-email,skills,,1307.0,146,CRITICAL_RISK
coreyhaines31/marketingskills/competitor-alternatives,skills,,1307.0,146,CRITICAL_RISK
coreyhaines31/marketingskills/content-strategy,skills,,1307.0,146,CRITICAL_RISK
coreyhaines31/marketingskills/copy-editing,skills,,1307.0,146,CRITICAL_RISK
coreyhaines31/marketingskills/copywriting,skills,,1307.0,146,CRITICAL_RISK
coreyhaines31/marketingskills/email-sequence,skills,,1307.0,146,CRITICAL_RISK
coreyhaines31/marketingskills/form-cro,skills,,1307.0,146,CRITICAL_RISK
coreyhaines31/marketingskills/free-tool-strategy,skills,,1307.0,146,CRITICAL_RISK
coreyhaines31/marketingskills/launch-strategy,skills,,1307.0,146,CRITICAL_RISK
coreyhaines31/marketingskills/marketing-ideas,skills,,1307.0,146,CRITICAL_RISK
coreyhaines31/marketingskills/marketing-psychology,skills,,1307.0,146,CRITICAL_RISK
coreyhaines31/marketingskills/onboarding-cro,skills,,1307.0,146,CRITICAL_RISK
coreyhaines31/marketingskills/page-cro,skills,,1307.0,146,CRITICAL_RISK
coreyhaines31/marketingskills/paid-ads,skills,,1307.0,146,CRITICAL_RISK
coreyhaines31/marketingskills/paywall-upgrade-cro,skills,,1307.0,146,CRITICAL_RISK
coreyhaines31/marketingskills/popup-cro,skills,,1307.0,146,CRITICAL_RISK
coreyhaines31/marketingskills/pricing-strategy,skills,,1307.0,146,CRITICAL_RISK
coreyhaines31/marketingskills/product-marketing-context,skills,,1307.0,146,CRITICAL_RISK
coreyhaines31/marketingskills/programmatic-seo,skills,,1307.0,146,CRITICAL_RISK
coreyhaines31/marketingskills/referral-program,skills,,1307.0,146,CRITICAL_RISK
coreyhaines31/marketingskills/revops,skills,,1307.0,146,CRITICAL_RISK
coreyhaines31/marketingskills/sales-enablement,skills,,1307.0,146,CRITICAL_RISK
coreyhaines31/marketingskills/schema-markup,skills,,1307.0,146,CRITICAL_RISK
coreyhaines31/marketingskills/seo-audit,skills,,1307.0,146,CRITICAL_RISK
coreyhaines31/marketingskills/signup-flow-cro,skills,,1307.0,146,CRITICAL_RISK
coreyhaines31/marketingskills/site-architecture,skills,,1307.0,146,CRITICAL_RISK
coreyhaines31/marketingskills/social-content,skills,,1307.0,146,CRITICAL_RISK
pproenca/dot-skills/nextjs,skills,,1285.0,106,CRITICAL_RISK
pproenca/dot-skills/wxt-browser-extensions,skills,,1285.0,106,CRITICAL_RISK
Forge-Space/mcp-gateway,github,2026-03-01,1284.0,129,CRITICAL_RISK
Forge-Space/mcp-gateway,github,2026-02-28,1284.0,129,CRITICAL_RISK
jonathanbulkeley/sovereign-lightning-oracle,github,2026-03-01,1251.0,138,CRITICAL_RISK
markpitt/claude-skills/azure-devops,skills,,1251.0,124,CRITICAL_RISK
markpitt/claude-skills/blazor-expert,skills,,1251.0,124,CRITICAL_RISK
sugarforever/01coder-agent-skills/china-stock-analysis,skills,,1239.0,93,CRITICAL_RISK
obra/episodic-memory/remembering-conversations,skills,,1237.0,81,CRITICAL_RISK
proxmox2netbox,pypi,1.2.8,1236.0,84,CRITICAL_RISK
hookflo-tern,clawhub,1.0.1,1233.0,137,CRITICAL_RISK
guanyang/antigravity-skills/remotion-best-practices,skills,,1231.0,84,CRITICAL_RISK
daymade/claude-code-skills/statusline-generator,skills,,1230.0,107,CRITICAL_RISK
daymade/claude-code-skills/twitter-reader,skills,,1230.0,107,CRITICAL_RISK
jonathanbulkeley/sovereign-lightning-oracle,github,2026-02-28,1217.0,136,CRITICAL_RISK
jwynia/agent-skills/frontend-design,skills,,1203.0,87,CRITICAL_RISK
personamanagmentlayer/pcl/finance-expert,skills,,1199.0,99,CRITICAL_RISK
personamanagmentlayer/pcl/postgresql-expert,skills,,1199.0,99,CRITICAL_RISK
personamanagmentlayer/pcl/snowflake-expert,skills,,1199.0,99,CRITICAL_RISK
nodnarbnitram/claude-code-extensions/tauri-v2,skills,,1185.0,116,CRITICAL_RISK
Neutronpay/neutron-mcp,github,2026-03-01,1145.0,128,CRITICAL_RISK
DragonLog,pypi,26.2.1,1104.0,79,CRITICAL_RISK
alinaqi/claude-bootstrap/android-java,skills,,1098.0,123,CRITICAL_RISK
alinaqi/claude-bootstrap/azure-cosmosdb,skills,,1098.0,123,CRITICAL_RISK
alinaqi/claude-bootstrap/supabase,skills,,1098.0,123,CRITICAL_RISK
alinaqi/claude-bootstrap/supabase-nextjs,skills,,1098.0,123,CRITICAL_RISK
alinaqi/claude-bootstrap/supabase-node,skills,,1098.0,123,CRITICAL_RISK
alinaqi/claude-bootstrap/supabase-python,skills,,1098.0,123,CRITICAL_RISK
daltskin/sysml-v2-lsp,github,2026-02-28,1093.0,91,CRITICAL_RISK
404kidwiz/claude-supercode-skills/azure-infra-engineer,skills,,1093.0,90,CRITICAL_RISK
404kidwiz/claude-supercode-skills/kubernetes-specialist,skills,,1093.0,90,CRITICAL_RISK
404kidwiz/claude-supercode-skills/network-engineer,skills,,1093.0,90,CRITICAL_RISK
404kidwiz/claude-supercode-skills/sql-pro,skills,,1093.0,90,CRITICAL_RISK
patricio0312rev/skills/eslint-prettier-config,skills,,1084.0,105,CRITICAL_RISK
patricio0312rev/skills/framer-motion-animator,skills,,1084.0,105,CRITICAL_RISK
nomad3/ai-marketing-platform,github,2026-03-01,1083.0,129,CRITICAL_RISK
rent-a-person-ai,clawhub,1.0.35,1071.0,119,CRITICAL_RISK
composiohq/awesome-claude-skills/artifacts-builder,skills,,1065.0,109,CRITICAL_RISK
composiohq/awesome-claude-skills/canvas-design,skills,,1065.0,109,CRITICAL_RISK
composiohq/awesome-claude-skills/clickup-automation,skills,,1065.0,109,CRITICAL_RISK
composiohq/awesome-claude-skills/domain-name-brainstormer,skills,,1065.0,109,CRITICAL_RISK
composiohq/awesome-claude-skills/mcp-builder,skills,,1065.0,109,CRITICAL_RISK
composiohq/awesome-claude-skills/slack-automation,skills,,1065.0,109,CRITICAL_RISK
composiohq/awesome-claude-skills/slack-gif-creator,skills,,1065.0,109,CRITICAL_RISK
composiohq/awesome-claude-skills/square-automation,skills,,1065.0,109,CRITICAL_RISK
composiohq/awesome-claude-skills/supabase-automation,skills,,1065.0,109,CRITICAL_RISK
composiohq/awesome-claude-skills/twitter-algorithm-optimizer,skills,,1065.0,109,CRITICAL_RISK
composiohq/awesome-claude-skills/twitter-automation,skills,,1065.0,109,CRITICAL_RISK
llmtrace-sdk,pypi,,1064.0,119,CRITICAL_RISK
llmtrace-sdk,pypi,0.2.0,1064.0,119,CRITICAL_RISK
llmtrace-sdk,pypi,0.1.0,1064.0,119,CRITICAL_RISK
Adyen/adyen-mcp,github,2026-03-01,1061.0,121,CRITICAL_RISK
takusaotome/zoho-mcp-server,github,2026-03-01,1060.0,122,CRITICAL_RISK
mistakeknot/intermap,github,2026-03-01,1011.0,70,CRITICAL_RISK
mistakeknot/intermap,github,2026-02-28,1011.0,70,CRITICAL_RISK
vercel/ai/ai-sdk,skills,,993.0,128,CRITICAL_RISK
vercel/ai/develop-ai-functions-example,skills,,993.0,128,CRITICAL_RISK
wittmannaaron/mcp-servers,github,2026-02-28,981.0,97,CRITICAL_RISK
yuniorglez/gemini-elite-core/remotion-expert,skills,,976.0,103,CRITICAL_RISK
repowire,pypi,0.4.2,974.0,72,CRITICAL_RISK
waynesutton/convexskills/convex,skills,,962.0,110,CRITICAL_RISK
waynesutton/convexskills/convex-best-practices,skills,,962.0,110,CRITICAL_RISK
waynesutton/convexskills/convex-eslint,skills,,962.0,110,CRITICAL_RISK
waynesutton/convexskills/convex-functions,skills,,962.0,110,CRITICAL_RISK
waynesutton/convexskills/convex-schema-validator,skills,,962.0,110,CRITICAL_RISK
waynesutton/convexskills/convex-security-check,skills,,962.0,110,CRITICAL_RISK
actionbook/actionbook/agent-browser,skills,,930.0,103,CRITICAL_RISK
raytracing,pypi,1.4.0,930.0,60,CRITICAL_RISK
github/awesome-copilot/agent-governance,skills,,928.0,76,CRITICAL_RISK
github/awesome-copilot/agentic-eval,skills,,928.0,76,CRITICAL_RISK
github/awesome-copilot/ai-prompt-engineering-safety-review,skills,,928.0,76,CRITICAL_RISK
github/awesome-copilot/appinsights-instrumentation,skills,,928.0,76,CRITICAL_RISK
github/awesome-copilot/apple-appstore-reviewer,skills,,928.0,76,CRITICAL_RISK
github/awesome-copilot/aspnet-minimal-api-openapi,skills,,928.0,76,CRITICAL_RISK
github/awesome-copilot/az-cost-optimize,skills,,928.0,76,CRITICAL_RISK
github/awesome-copilot/azure-deployment-preflight,skills,,928.0,76,CRITICAL_RISK
github/awesome-copilot/azure-devops-cli,skills,,928.0,76,CRITICAL_RISK
github/awesome-copilot/azure-resource-health-diagnose,skills,,928.0,76,CRITICAL_RISK
github/awesome-copilot/azure-resource-visualizer,skills,,928.0,76,CRITICAL_RISK
github/awesome-copilot/azure-role-selector,skills,,928.0,76,CRITICAL_RISK
github/awesome-copilot/azure-static-web-apps,skills,,928.0,76,CRITICAL_RISK
github/awesome-copilot/breakdown-epic-arch,skills,,928.0,76,CRITICAL_RISK
github/awesome-copilot/breakdown-epic-pm,skills,,928.0,76,CRITICAL_RISK
github/awesome-copilot/breakdown-feature-implementation,skills,,928.0,76,CRITICAL_RISK
github/awesome-copilot/breakdown-plan,skills,,928.0,76,CRITICAL_RISK
github/awesome-copilot/breakdown-test,skills,,928.0,76,CRITICAL_RISK
github/awesome-copilot/chrome-devtools,skills,,928.0,76,CRITICAL_RISK
github/awesome-copilot/containerize-aspnet-framework,skills,,928.0,76,CRITICAL_RISK
github/awesome-copilot/context-map,skills,,928.0,76,CRITICAL_RISK
github/awesome-copilot/copilot-instructions-blueprint-generator,skills,,928.0,76,CRITICAL_RISK
github/awesome-copilot/cosmosdb-datamodeling,skills,,928.0,76,CRITICAL_RISK
github/awesome-copilot/create-github-action-workflow-specification,skills,,928.0,76,CRITICAL_RISK
github/awesome-copilot/create-github-issue-feature-from-specification,skills,,928.0,76,CRITICAL_RISK
github/awesome-copilot/create-github-issues-feature-from-implementation-plan,skills,,928.0,76,CRITICAL_RISK
github/awesome-copilot/create-github-issues-for-unmet-specification-requirements,skills,,928.0,76,CRITICAL_RISK
github/awesome-copilot/create-github-pull-request-from-specification,skills,,928.0,76,CRITICAL_RISK
github/awesome-copilot/create-oo-component-documentation,skills,,928.0,76,CRITICAL_RISK
github/awesome-copilot/create-specification,skills,,928.0,76,CRITICAL_RISK
github/awesome-copilot/create-spring-boot-java-project,skills,,928.0,76,CRITICAL_RISK
github/awesome-copilot/csharp-docs,skills,,928.0,76,CRITICAL_RISK
github/awesome-copilot/csharp-nunit,skills,,928.0,76,CRITICAL_RISK
github/awesome-copilot/csharp-tunit,skills,,928.0,76,CRITICAL_RISK
github/awesome-copilot/csharp-xunit,skills,,928.0,76,CRITICAL_RISK
github/awesome-copilot/dataverse-python-advanced-patterns,skills,,928.0,76,CRITICAL_RISK
github/awesome-copilot/dataverse-python-production-code,skills,,928.0,76,CRITICAL_RISK
github/awesome-copilot/dataverse-python-quickstart,skills,,928.0,76,CRITICAL_RISK
github/awesome-copilot/dataverse-python-usecase-builder,skills,,928.0,76,CRITICAL_RISK
github/awesome-copilot/documentation-writer,skills,,928.0,76,CRITICAL_RISK
github/awesome-copilot/dotnet-best-practices,skills,,928.0,76,CRITICAL_RISK
github/awesome-copilot/dotnet-design-pattern-review,skills,,928.0,76,CRITICAL_RISK
github/awesome-copilot/dotnet-upgrade,skills,,928.0,76,CRITICAL_RISK
github/awesome-copilot/editorconfig,skills,,928.0,76,CRITICAL_RISK
github/awesome-copilot/excalidraw-diagram-generator,skills,,928.0,76,CRITICAL_RISK
github/awesome-copilot/fabric-lakehouse,skills,,928.0,76,CRITICAL_RISK
github/awesome-copilot/finalize-agent-prompt,skills,,928.0,76,CRITICAL_RISK
github/awesome-copilot/finnish-humanizer,skills,,928.0,76,CRITICAL_RISK
github/awesome-copilot/first-ask,skills,,928.0,76,CRITICAL_RISK
github/awesome-copilot/fluentui-blazor,skills,,928.0,76,CRITICAL_RISK
github/awesome-copilot/folder-structure-blueprint-generator,skills,,928.0,76,CRITICAL_RISK
github/awesome-copilot/generate-custom-instructions-from-codebase,skills,,928.0,76,CRITICAL_RISK
github/awesome-copilot/gh-cli,skills,,928.0,76,CRITICAL_RISK
github/awesome-copilot/git-commit,skills,,928.0,76,CRITICAL_RISK
github/awesome-copilot/git-flow-branch-creator,skills,,928.0,76,CRITICAL_RISK
github/awesome-copilot/github-issues,skills,,928.0,76,CRITICAL_RISK
github/awesome-copilot/go-mcp-server-generator,skills,,928.0,76,CRITICAL_RISK
github/awesome-copilot/java-add-graalvm-native-image-support,skills,,928.0,76,CRITICAL_RISK
github/awesome-copilot/java-docs,skills,,928.0,76,CRITICAL_RISK
github/awesome-copilot/java-junit,skills,,928.0,76,CRITICAL_RISK
github/awesome-copilot/java-mcp-server-generator,skills,,928.0,76,CRITICAL_RISK
github/awesome-copilot/java-refactoring-extract-method,skills,,928.0,76,CRITICAL_RISK
github/awesome-copilot/java-refactoring-remove-parameter,skills,,928.0,76,CRITICAL_RISK
github/awesome-copilot/javascript-typescript-jest,skills,,928.0,76,CRITICAL_RISK
github/awesome-copilot/java-springboot,skills,,928.0,76,CRITICAL_RISK
github/awesome-copilot/legacy-circuit-mockups,skills,,928.0,76,CRITICAL_RISK
github/awesome-copilot/make-repo-contribution,skills,,928.0,76,CRITICAL_RISK
github/awesome-copilot/markdown-to-html,skills,,928.0,76,CRITICAL_RISK
github/awesome-copilot/mcp-create-adaptive-cards,skills,,928.0,76,CRITICAL_RISK
github/awesome-copilot/memory-merger,skills,,928.0,76,CRITICAL_RISK
github/awesome-copilot/microsoft-docs,skills,,928.0,76,CRITICAL_RISK
github/awesome-copilot/mkdocs-translations,skills,,928.0,76,CRITICAL_RISK
github/awesome-copilot/model-recommendation,skills,,928.0,76,CRITICAL_RISK
github/awesome-copilot/multi-stage-dockerfile,skills,,928.0,76,CRITICAL_RISK
github/awesome-copilot/nano-banana-pro-openrouter,skills,,928.0,76,CRITICAL_RISK
github/awesome-copilot/next-intl-add-language,skills,,928.0,76,CRITICAL_RISK
github/awesome-copilot/plantuml-ascii,skills,,928.0,76,CRITICAL_RISK
github/awesome-copilot/playwright-automation-fill-in-form,skills,,928.0,76,CRITICAL_RISK
github/awesome-copilot/postgresql-code-review,skills,,928.0,76,CRITICAL_RISK
github/awesome-copilot/postgresql-optimization,skills,,928.0,76,CRITICAL_RISK
github/awesome-copilot/power-apps-code-app-scaffold,skills,,928.0,76,CRITICAL_RISK
github/awesome-copilot/power-bi-dax-optimization,skills,,928.0,76,CRITICAL_RISK
github/awesome-copilot/power-bi-model-design-review,skills,,928.0,76,CRITICAL_RISK
github/awesome-copilot/powerbi-modeling,skills,,928.0,76,CRITICAL_RISK
github/awesome-copilot/prd,skills,,928.0,76,CRITICAL_RISK
github/awesome-copilot/prompt-builder,skills,,928.0,76,CRITICAL_RISK
github/awesome-copilot/pytest-coverage,skills,,928.0,76,CRITICAL_RISK
github/awesome-copilot/python-mcp-server-generator,skills,,928.0,76,CRITICAL_RISK
github/awesome-copilot/refactor,skills,,928.0,76,CRITICAL_RISK
github/awesome-copilot/refactor-method-complexity-reduce,skills,,928.0,76,CRITICAL_RISK
github/awesome-copilot/remember-interactive-programming,skills,,928.0,76,CRITICAL_RISK
github/awesome-copilot/scoutqa-test,skills,,928.0,76,CRITICAL_RISK
github/awesome-copilot/shuffle-json-data,skills,,928.0,76,CRITICAL_RISK
github/awesome-copilot/snowflake-semanticview,skills,,928.0,76,CRITICAL_RISK
github/awesome-copilot/sponsor-finder,skills,,928.0,76,CRITICAL_RISK
github/awesome-copilot/sql-code-review,skills,,928.0,76,CRITICAL_RISK
github/awesome-copilot/sql-optimization,skills,,928.0,76,CRITICAL_RISK
github/awesome-copilot/structured-autonomy-generate,skills,,928.0,76,CRITICAL_RISK
github/awesome-copilot/structured-autonomy-implement,skills,,928.0,76,CRITICAL_RISK
github/awesome-copilot/structured-autonomy-plan,skills,,928.0,76,CRITICAL_RISK
github/awesome-copilot/swift-mcp-server-generator,skills,,928.0,76,CRITICAL_RISK
github/awesome-copilot/technology-stack-blueprint-generator,skills,,928.0,76,CRITICAL_RISK
github/awesome-copilot/terraform-azurerm-set-diff-analyzer,skills,,928.0,76,CRITICAL_RISK
github/awesome-copilot/transloadit-media-processing,skills,,928.0,76,CRITICAL_RISK
github/awesome-copilot/typescript-mcp-server-generator,skills,,928.0,76,CRITICAL_RISK
github/awesome-copilot/typespec-api-operations,skills,,928.0,76,CRITICAL_RISK
github/awesome-copilot/typespec-create-agent,skills,,928.0,76,CRITICAL_RISK
github/awesome-copilot/typespec-create-api-plugin,skills,,928.0,76,CRITICAL_RISK
github/awesome-copilot/update-avm-modules-in-bicep,skills,,928.0,76,CRITICAL_RISK
github/awesome-copilot/update-markdown-file-index,skills,,928.0,76,CRITICAL_RISK
github/awesome-copilot/update-oo-component-documentation,skills,,928.0,76,CRITICAL_RISK
github/awesome-copilot/update-specification,skills,,928.0,76,CRITICAL_RISK
github/awesome-copilot/vscode-ext-commands,skills,,928.0,76,CRITICAL_RISK
github/awesome-copilot/vscode-ext-localization,skills,,928.0,76,CRITICAL_RISK
github/awesome-copilot/webapp-testing,skills,,928.0,76,CRITICAL_RISK
github/awesome-copilot/web-design-reviewer,skills,,928.0,76,CRITICAL_RISK
github/awesome-copilot/winapp-cli,skills,,928.0,76,CRITICAL_RISK
github/awesome-copilot/write-coding-standards-from-file,skills,,928.0,76,CRITICAL_RISK
onit,pypi,0.1.3rc0,922.0,103,CRITICAL_RISK
Undefined-bot,pypi,3.1.1,916.0,70,CRITICAL_RISK
jackiexiao/jackie-skills-starter/remotion-best-practices,skills,,912.0,61,CRITICAL_RISK
dynamics365ninja/d365fo-mcp-server,github,2026-03-01,906.0,64,CRITICAL_RISK
@triedotdev/mcp,npm,1.0.166,900.0,86,CRITICAL_RISK
google-gemini/gemini-cli/code-reviewer,skills,,890.0,80,CRITICAL_RISK
google-gemini/gemini-cli/docs-writer,skills,,890.0,80,CRITICAL_RISK
google-gemini/gemini-cli/pr-creator,skills,,890.0,80,CRITICAL_RISK
bookmd/mcp-gateway,github,2026-02-28,889.0,97,CRITICAL_RISK
madeindigio/remembrances-mcp,github,2026-03-01,888.0,81,CRITICAL_RISK
rain-assistant,pypi,1.0.15,878.0,58,CRITICAL_RISK
agentralabs/agentic-time,github,2026-03-01,864.0,34,CRITICAL_RISK
yunseo-kim/awesome-agent-toolbox,github,2026-02-28,858.0,103,CRITICAL_RISK
langchain-ai/deepagents/langgraph-docs,skills,,858.0,68,CRITICAL_RISK
agent-framework-lib,pypi,0.5.9.post15,855.0,52,CRITICAL_RISK
agent-framework-lib,pypi,0.5.9.post14,855.0,52,CRITICAL_RISK
jimliu/baoyu-skills/baoyu-article-illustrator,skills,,849.0,180,CRITICAL_RISK
jimliu/baoyu-skills/baoyu-comic,skills,,849.0,180,CRITICAL_RISK
jimliu/baoyu-skills/baoyu-compress-image,skills,,849.0,180,CRITICAL_RISK
jimliu/baoyu-skills/baoyu-cover-image,skills,,849.0,180,CRITICAL_RISK
jimliu/baoyu-skills/baoyu-danger-gemini-web,skills,,849.0,180,CRITICAL_RISK
jimliu/baoyu-skills/baoyu-danger-x-to-markdown,skills,,849.0,180,CRITICAL_RISK
jimliu/baoyu-skills/baoyu-format-markdown,skills,,849.0,180,CRITICAL_RISK
jimliu/baoyu-skills/baoyu-image-gen,skills,,849.0,180,CRITICAL_RISK
jimliu/baoyu-skills/baoyu-infographic,skills,,849.0,180,CRITICAL_RISK
jimliu/baoyu-skills/baoyu-markdown-to-html,skills,,849.0,180,CRITICAL_RISK
jimliu/baoyu-skills/baoyu-post-to-wechat,skills,,849.0,180,CRITICAL_RISK
jimliu/baoyu-skills/baoyu-post-to-x,skills,,849.0,180,CRITICAL_RISK
jimliu/baoyu-skills/baoyu-slide-deck,skills,,849.0,180,CRITICAL_RISK
jimliu/baoyu-skills/baoyu-url-to-markdown,skills,,849.0,180,CRITICAL_RISK
jimliu/baoyu-skills/baoyu-xhs-images,skills,,849.0,180,CRITICAL_RISK
jimliu/baoyu-skills/release-skills,skills,,849.0,180,CRITICAL_RISK
barateza/mcp-plesk-unified,github,2026-03-01,840.0,91,CRITICAL_RISK
barateza/mcp-plesk-unified,github,2026-02-28,840.0,91,CRITICAL_RISK
jezweb/claude-skills/react-hook-form-zod,skills,,833.0,93,CRITICAL_RISK
jezweb/claude-skills/react-native-expo,skills,,833.0,93,CRITICAL_RISK
jezweb/claude-skills/seo-meta,skills,,833.0,93,CRITICAL_RISK
jezweb/claude-skills/tailwind-patterns,skills,,833.0,93,CRITICAL_RISK
jezweb/claude-skills/cloudflare-browser-rendering,skills,,833.0,93,CRITICAL_RISK
hairyf/skills/hairy-react-lib,skills,,833.0,57,CRITICAL_RISK
hairyf/skills/next,skills,,833.0,57,CRITICAL_RISK
hairyf/skills/react-use,skills,,833.0,57,CRITICAL_RISK
mcp-use/mcp-use/chatgpt-app-builder,skills,,829.0,85,CRITICAL_RISK
mcp-use/mcp-use/mcp-apps-builder,skills,,829.0,85,CRITICAL_RISK
mcp-use/mcp-use/mcp-builder,skills,,829.0,85,CRITICAL_RISK
riaz-khan-16/MCPDemo,github,2026-03-01,828.0,150,CRITICAL_RISK
bmad-labs/skills/typescript-e2e-testing,skills,,828.0,73,CRITICAL_RISK
miles990/claude-software-skills/code-quality,skills,,826.0,78,CRITICAL_RISK
dogcat,pypi,0.10.3,823.0,57,CRITICAL_RISK
conorluddy/ios-simulator-skill/ios-simulator-skill,skills,,809.0,56,CRITICAL_RISK
timmeck/brain,github,2026-02-28,786.0,61,CRITICAL_RISK
jezweb/claude-skills/cloudflare-python-workers,skills,,783.0,92,CRITICAL_RISK
jezweb/claude-skills/django-cloud-sql-postgres,skills,,783.0,92,CRITICAL_RISK
jezweb/claude-skills/fastapi,skills,,783.0,92,CRITICAL_RISK
jezweb/claude-skills/google-chat-api,skills,,783.0,92,CRITICAL_RISK
jezweb/claude-skills/google-gemini-api,skills,,783.0,92,CRITICAL_RISK
jezweb/claude-skills/google-gemini-embeddings,skills,,783.0,92,CRITICAL_RISK
jezweb/claude-skills/google-gemini-file-search,skills,,783.0,92,CRITICAL_RISK
jezweb/claude-skills/google-workspace,skills,,783.0,92,CRITICAL_RISK
jezweb/claude-skills/hono-routing,skills,,783.0,92,CRITICAL_RISK
jezweb/claude-skills/motion,skills,,783.0,92,CRITICAL_RISK
jezweb/claude-skills/nextjs,skills,,783.0,92,CRITICAL_RISK
jezweb/claude-skills/tailwind-theme-builder,skills,,783.0,92,CRITICAL_RISK
jezweb/claude-skills/tailwind-v4-shadcn,skills,,783.0,92,CRITICAL_RISK
jezweb/claude-skills/tanstack-query,skills,,783.0,92,CRITICAL_RISK
jezweb/claude-skills/snowflake-platform,skills,,783.0,92,CRITICAL_RISK
jezweb/claude-skills/streamlit-snowflake,skills,,783.0,92,CRITICAL_RISK
jezweb/claude-skills/azure-auth,skills,,783.0,92,CRITICAL_RISK
knowledge-mcp,npm,1.2.1,780.0,52,CRITICAL_RISK
starman69/mcp-sanitizer,github,2026-03-01,779.0,60,CRITICAL_RISK
andrelandgraf/fullstackrecipes/agent-browser,skills,,773.0,101,CRITICAL_RISK
andrelandgraf/fullstackrecipes/ralph-loop,skills,,773.0,101,CRITICAL_RISK
cfircoo/claude-code-toolkit/sqlalchemy-postgres,skills,,770.0,69,CRITICAL_RISK
leonardomso/33-js-concepts/seo-review,skills,,749.0,52,CRITICAL_RISK
skill-security-reviewer,clawhub,3.0.0,749.0,50,CRITICAL_RISK
qodex-ai/ai-agent-skills/browser-automation-framework,skills,,743.0,71,CRITICAL_RISK
qodex-ai/ai-agent-skills/multi-agent-orchestration,skills,,743.0,71,CRITICAL_RISK
veadk-python,pypi,0.5.26,735.0,81,CRITICAL_RISK
affaan-m/everything-claude-code/backend-patterns,skills,,728.0,67,CRITICAL_RISK
affaan-m/everything-claude-code/coding-standards,skills,,728.0,67,CRITICAL_RISK
affaan-m/everything-claude-code/django-patterns,skills,,728.0,67,CRITICAL_RISK
affaan-m/everything-claude-code/django-security,skills,,728.0,67,CRITICAL_RISK
affaan-m/everything-claude-code/django-tdd,skills,,728.0,67,CRITICAL_RISK
affaan-m/everything-claude-code/django-verification,skills,,728.0,67,CRITICAL_RISK
affaan-m/everything-claude-code/eval-harness,skills,,728.0,67,CRITICAL_RISK
affaan-m/everything-claude-code/frontend-patterns,skills,,728.0,67,CRITICAL_RISK
affaan-m/everything-claude-code/golang-patterns,skills,,728.0,67,CRITICAL_RISK
affaan-m/everything-claude-code/golang-testing,skills,,728.0,67,CRITICAL_RISK
affaan-m/everything-claude-code/iterative-retrieval,skills,,728.0,67,CRITICAL_RISK
affaan-m/everything-claude-code/java-coding-standards,skills,,728.0,67,CRITICAL_RISK
affaan-m/everything-claude-code/postgres-patterns,skills,,728.0,67,CRITICAL_RISK
affaan-m/everything-claude-code/python-patterns,skills,,728.0,67,CRITICAL_RISK
affaan-m/everything-claude-code/python-testing,skills,,728.0,67,CRITICAL_RISK
affaan-m/everything-claude-code/visa-doc-translate,skills,,728.0,67,CRITICAL_RISK
openclaw-algorand-plugin,npm,0.5.0,717.0,49,CRITICAL_RISK
nowledge-co/community/distill-memory,skills,,712.0,41,CRITICAL_RISK
nowledge-co/community/read-working-memory,skills,,712.0,41,CRITICAL_RISK
nowledge-co/community/save-thread,skills,,712.0,41,CRITICAL_RISK
nowledge-co/community/search-memory,skills,,712.0,41,CRITICAL_RISK
capybara-db-mcp,npm,1.1.1,705.0,47,CRITICAL_RISK
capybara-db-mcp,npm,1.0.6,705.0,47,CRITICAL_RISK
capybara-db-mcp,npm,1.1.2,705.0,47,CRITICAL_RISK
alinalihassan/Guilders,github,2026-02-28,701.0,77,CRITICAL_RISK
track17-enhanced,clawhub,1.0.1,699.0,77,CRITICAL_RISK
jbrowse-plugin-protein3d,npm,0.2.0,698.0,42,CRITICAL_RISK
giuseppe-trisciuoglio/developer-kit/aws-sdk-java-v2-bedrock,skills,,696.0,53,CRITICAL_RISK
giuseppe-trisciuoglio/developer-kit/aws-sdk-java-v2-core,skills,,696.0,53,CRITICAL_RISK
giuseppe-trisciuoglio/developer-kit/aws-sdk-java-v2-dynamodb,skills,,696.0,53,CRITICAL_RISK
giuseppe-trisciuoglio/developer-kit/aws-sdk-java-v2-kms,skills,,696.0,53,CRITICAL_RISK
giuseppe-trisciuoglio/developer-kit/aws-sdk-java-v2-lambda,skills,,696.0,53,CRITICAL_RISK
giuseppe-trisciuoglio/developer-kit/aws-sdk-java-v2-messaging,skills,,696.0,53,CRITICAL_RISK
giuseppe-trisciuoglio/developer-kit/aws-sdk-java-v2-rds,skills,,696.0,53,CRITICAL_RISK
giuseppe-trisciuoglio/developer-kit/aws-sdk-java-v2-s3,skills,,696.0,53,CRITICAL_RISK
giuseppe-trisciuoglio/developer-kit/aws-sdk-java-v2-secrets-manager,skills,,696.0,53,CRITICAL_RISK
giuseppe-trisciuoglio/developer-kit/nextjs-performance,skills,,696.0,53,CRITICAL_RISK
giuseppe-trisciuoglio/developer-kit/react-patterns,skills,,696.0,53,CRITICAL_RISK
giuseppe-trisciuoglio/developer-kit/shadcn-ui,skills,,696.0,53,CRITICAL_RISK
giuseppe-trisciuoglio/developer-kit/tailwind-css-patterns,skills,,696.0,53,CRITICAL_RISK
giuseppe-trisciuoglio/developer-kit/unit-test-bean-validation,skills,,696.0,53,CRITICAL_RISK
hessius/MeticAI,github,2026-03-01,695.0,51,CRITICAL_RISK
TocharianOU/mcp-server-kibana,github,2026-02-28,692.0,80,CRITICAL_RISK
@upstash/vector,npm,1.2.2,675.0,45,CRITICAL_RISK
incept5/eve-skillpacks/eve-web-ui-testing-agent-browser,skills,,674.0,78,CRITICAL_RISK
newcode,pypi,0.2.4,669.0,63,CRITICAL_RISK
newcode,pypi,0.2.5,669.0,63,CRITICAL_RISK
DKeken/agents,github,2026-02-28,669.0,56,CRITICAL_RISK
existential-birds/beagle/react-flow,skills,,668.0,79,CRITICAL_RISK
existential-birds/beagle/sqlalchemy-code-review,skills,,668.0,79,CRITICAL_RISK
existential-birds/beagle/sqlite-vec,skills,,668.0,79,CRITICAL_RISK
nodebench-mcp,npm,2.30.0,666.0,39,CRITICAL_RISK
chuk-mcp-server,pypi,0.25.3,664.0,71,CRITICAL_RISK
toilahuongg/google-antigravity-kit/remotion-best-practices,skills,,661.0,68,CRITICAL_RISK
GabsFranke/simple-claude-code-github-agent,github,2026-02-28,656.0,71,CRITICAL_RISK
fonCki/mcp-security-linter,github,2026-03-01,648.0,45,CRITICAL_RISK
ragger,pypi,1.43.0,647.0,47,CRITICAL_RISK
gabriellangon/nemo-mcp,github,2026-03-01,643.0,73,CRITICAL_RISK
agentaudit-dev/agentaudit-cli,github,2026-02-28,640.0,42,CRITICAL_RISK
agentaudit-dev/agentaudit-cli,github,2026-03-01,640.0,42,CRITICAL_RISK
EBISPOT/GrEBI,github,2026-02-28,639.0,59,CRITICAL_RISK
EBISPOT/GrEBI,github,2026-03-01,639.0,59,CRITICAL_RISK
different-ai/openwork/browser-setup-devtools,skills,,632.0,42,CRITICAL_RISK
contextpilot,pypi,0.3.5.post2,630.0,74,CRITICAL_RISK
agentaudit,npm,3.13.11,629.0,40,CRITICAL_RISK
bullarc/bullarc,github,2026-03-01,627.0,72,CRITICAL_RISK
felixkwasisarpong/incident-triage-mcp,github,2026-03-01,625.0,82,CRITICAL_RISK
felixkwasisarpong/incident-triage-mcp,github,2026-02-28,625.0,82,CRITICAL_RISK
greedychipmunk/agent-skills/roblox-game-development,skills,,612.0,68,CRITICAL_RISK
kr-cli-dominion,pypi,6.3.0,597.0,53,CRITICAL_RISK
kr-cli-dominion,pypi,6.2.1,591.0,52,CRITICAL_RISK
resend/react-email/react-email,skills,,587.0,54,CRITICAL_RISK
adam-trustscope/trustscope-mcp-server,github,2026-02-28,586.0,53,CRITICAL_RISK
supercent-io/skills-template/agent-browser,skills,,584.0,30,CRITICAL_RISK
supercent-io/skills-template/agent-configuration,skills,,584.0,30,CRITICAL_RISK
supercent-io/skills-template/agent-evaluation,skills,,584.0,30,CRITICAL_RISK
supercent-io/skills-template/api-design,skills,,584.0,30,CRITICAL_RISK
supercent-io/skills-template/api-documentation,skills,,584.0,30,CRITICAL_RISK
supercent-io/skills-template/authentication-setup,skills,,584.0,30,CRITICAL_RISK
supercent-io/skills-template/backend-testing,skills,,584.0,30,CRITICAL_RISK
supercent-io/skills-template/bmad-orchestrator,skills,,584.0,30,CRITICAL_RISK
supercent-io/skills-template/codebase-search,skills,,584.0,30,CRITICAL_RISK
supercent-io/skills-template/code-refactoring,skills,,584.0,30,CRITICAL_RISK
supercent-io/skills-template/code-review,skills,,584.0,30,CRITICAL_RISK
supercent-io/skills-template/data-analysis,skills,,584.0,30,CRITICAL_RISK
supercent-io/skills-template/database-schema-design,skills,,584.0,30,CRITICAL_RISK
supercent-io/skills-template/debugging,skills,,584.0,30,CRITICAL_RISK
supercent-io/skills-template/deployment-automation,skills,,584.0,30,CRITICAL_RISK
supercent-io/skills-template/file-organization,skills,,584.0,30,CRITICAL_RISK
supercent-io/skills-template/firebase-ai-logic,skills,,584.0,30,CRITICAL_RISK
supercent-io/skills-template/frontend-design-system,skills,,584.0,30,CRITICAL_RISK
supercent-io/skills-template/git-submodule,skills,,584.0,30,CRITICAL_RISK
supercent-io/skills-template/image-generation-mcp,skills,,584.0,30,CRITICAL_RISK
supercent-io/skills-template/marketing-skills-collection,skills,,584.0,30,CRITICAL_RISK
supercent-io/skills-template/monitoring-observability,skills,,584.0,30,CRITICAL_RISK
supercent-io/skills-template/performance-optimization,skills,,584.0,30,CRITICAL_RISK
supercent-io/skills-template/plannotator,skills,,584.0,30,CRITICAL_RISK
supercent-io/skills-template/pptx-presentation-builder,skills,,584.0,30,CRITICAL_RISK
supercent-io/skills-template/remotion-video-production,skills,,584.0,30,CRITICAL_RISK
supercent-io/skills-template/security-best-practices,skills,,584.0,30,CRITICAL_RISK
supercent-io/skills-template/skill-standardization,skills,,584.0,30,CRITICAL_RISK
supercent-io/skills-template/sprint-retrospective,skills,,584.0,30,CRITICAL_RISK
supercent-io/skills-template/system-environment-setup,skills,,584.0,30,CRITICAL_RISK
supercent-io/skills-template/task-estimation,skills,,584.0,30,CRITICAL_RISK
supercent-io/skills-template/task-planning,skills,,584.0,30,CRITICAL_RISK
supercent-io/skills-template/technical-writing,skills,,584.0,30,CRITICAL_RISK
supercent-io/skills-template/testing-strategies,skills,,584.0,30,CRITICAL_RISK
supercent-io/skills-template/ui-component-patterns,skills,,584.0,30,CRITICAL_RISK
supercent-io/skills-template/user-guide-writing,skills,,584.0,30,CRITICAL_RISK
supercent-io/skills-template/vercel-react-best-practices,skills,,584.0,30,CRITICAL_RISK
supercent-io/skills-template/web-accessibility,skills,,584.0,30,CRITICAL_RISK
supercent-io/skills-template/workflow-automation,skills,,584.0,30,CRITICAL_RISK
operon-ai,pypi,0.15.0,583.0,51,CRITICAL_RISK
ChainSafe/canton-mcp-server,github,2026-02-28,582.0,56,CRITICAL_RISK
jamditis/claude-skills-journalism/academic-writing,skills,,578.0,68,CRITICAL_RISK
jamditis/claude-skills-journalism/web-scraping,skills,,578.0,68,CRITICAL_RISK
lllray/awesome-mcp-servers,github,2026-03-01,576.0,64,CRITICAL_RISK
@samanhappy/mcphub,npm,0.12.5,574.0,48,CRITICAL_RISK
@samanhappy/mcphub,npm,0.12.6,574.0,48,CRITICAL_RISK
ordas21/navvy,github,2026-02-28,573.0,45,CRITICAL_RISK
adk-fluent,pypi,0.11.0,562.0,47,CRITICAL_RISK
vasilyu1983/ai-agents-public/data-sql-optimization,skills,,559.0,65,CRITICAL_RISK
vasilyu1983/ai-agents-public/marketing-content-strategy,skills,,559.0,65,CRITICAL_RISK
vasilyu1983/ai-agents-public/marketing-leads-generation,skills,,559.0,65,CRITICAL_RISK
vasilyu1983/ai-agents-public/marketing-visual-design,skills,,559.0,65,CRITICAL_RISK
vasilyu1983/ai-agents-public/software-architecture-design,skills,,559.0,65,CRITICAL_RISK
vasilyu1983/ai-agents-public/software-clean-code-standard,skills,,559.0,65,CRITICAL_RISK
vasilyu1983/ai-agents-public/software-crypto-web3,skills,,559.0,65,CRITICAL_RISK
